TEXT,label
"今天的分享会干货满满，学到了很多东西！",0
"你做的PPT真漂亮，可以分享一下模板吗？",0
"周末的活动安排得很好，大家都玩得很开心。",0
"这个App的用户体验做得真不错。",0
"恭喜你呀，取得了这么好的成绩！",0
"这部电影的特效做得太牛了，视觉盛宴。",0
"虽然过程很辛苦，但结果是值得的，为你感到骄傲。",0
"这个设计方案很有创意，我非常喜欢。",0
"新来的同事人很好，团队氛围越来越棒了。",0
"祝你旅途愉快，一路顺风！",0
"你的逻辑很清晰，分析得很有道理。",0
"努力总会有回报的，坚持下去！",0
"这张照片拍得真美，可以当壁纸了。",0
"节日快乐，愿你天天都有好心情。",0
"这个问题的解决方法我已经找到了，谢谢关心。",0
"今天的讲座内容很充-充实，学到了很多新知识。",0
"你做的饭菜太好吃了，堪比大厨水平。",0
"期待我们的下一次合作。",0
"你推荐的那本书我看了，真的很有启发。",0
"保持乐观，一切都会好起来的。",0
"感谢你的慷慨分享，对我帮助很大。",0
"这个周末的天气预报说会下雨，出门记得带伞。",0
"这个项目的进展比我们预期的要快。",0
"我刚刚领养了一只小猫，超级可爱。",0
"楼下的咖啡店出了新品，味道还不错。",0
"请问这个bug有人在跟进吗？",0
"会议纪要稍后会发到大家的邮箱。",0
"下班后一起去吃个饭吧？",0
"这个博物馆最近有个新展览，值得一看。",0
"祝贺我们的团队完成了本季度的目标！",0
"多喝热水，注意身体。",0
"你的代码写得很规范，学习了。",0
"这个功能下个版本会优化。",0
"很高兴认识你，希望以后能多多交流。",0
"这个假期的计划是去爬山。",0
"今天的工作终于完成了，可以好好休息一下了。",0
"这个播客节目很有趣，推荐给你。",0
"关于那个问题，我有一些新的想法。",0
"系统将在今晚凌晨2点进行维护升级。",0
"明天下午三点的会议室预定了。",0
"这个算法的时间复杂度是多少？",0
"我们需要更多的用户反馈来改进产品。",0
"你的观点很有见地，启发了我。",0
"这附近的交通很方便，地铁站就在旁边。",0
"祝你面试顺利，拿到心仪的offer！",0
"今天的夕阳真美。",0
"这个开源项目对我的帮助很大。",0
"请查收附件里的文件。",0
"我们应该更加关注用户的隐私安全。",0
"保持学习的热情是一件很重要的事。",0
"这个周末我想宅在家里看剧。",0
"你最近在忙些什么呢？",0
"这个城市的生活节奏很快。",0
"我同意你的看法。",0
"让我们分工合作，提高效率。",0
"这个挑战很有趣，我愿意尝试。",0
"有什么需要我帮忙的吗？",0
"这个决定是经过深思熟虑的。",0
"我们需要制定一个更详细的计划。",0
"很高兴看到你取得了进步。",0
"失败是成功之母。",0
"这个问题需要从长计议。",0
"保持好奇心，探索未知。",0
"团队合作的力量是巨大的。",0
"这个消息太令人振奋了！",0
"我们需要一个更可持续的解决方案。",0
"你的笑容很有感染力。",0
"让我们一起为梦想奋斗。",0
"细节决定成败。",0
"知识改变命运。",0
"这个世界充满了无限可能。",0
"活到老，学到老。",0
"今天的目标是完成三项任务。",0
"我需要一杯咖啡来提提神。",0
"这个房间的采光很好。",0
"让我们用数据说话。",0
"这个机会很难得，要好好把握。",0
"勇于承认错误，才能不断进步。",0
"你的鼓励给了我很大的力量。",0
"健康是革命的本钱。",0
"这部纪录片非常值得一看。",0
"让我们共同期待一个更美好的未来。",0
"实践是检验真理的唯一标准。",0
"这个软件的界面设计很简洁。",0
"我们需要更多的创新思维。",0
"你的坚持令人敬佩。",0
"沟通是解决问题的桥梁。",0
"这个公园的风景很美。",0.0
"让我们为成功干杯！",0
"有梦想谁都了不起。",0
"今天的月亮很圆。",0
"保持冷静，理性分析。",0
"这个研究非常有价值。",0
"你的善良温暖了很多人。",0
"让我们一起创造历史。",0
"生命在于运动。",0
"这本书的内容非常深刻。",0
"我们需要一个公平的竞争环境。",0
"你的才华不应被埋没。",0
"让我们珍惜眼前的幸福。",0
"时间会证明一切。",0
"这个世界因你而更美好。",0
"让我们为和平祈祷。",0
"有志者事竟成。",0
"这部电影的配乐很棒。",0
"我们需要更多的社会责任感。",0
"你的努力我们都看在眼里。",0
"让我们拥抱变化，迎接挑战。",0
"爱是这个世界上最伟大的力量。",0
"这本书的结局很出人意料。",0
"我们需要建立互信的合作关系。",0
"你的支持对我至关重要。",0
"让我们共同守护我们的家园。",0
"坚持就是胜利。",0
"这部小说的情节很吸引人。",0
"我们需要保护我们的文化遗产。",0
"你的贡献功不可没。",0
"让我们为友谊干杯！",0
"青出于蓝而胜于蓝。",0
"这部歌剧的表演很精彩。",0
"我们需要关注弱势群体的权益。",0
"你的建议非常有建设性。",0
"让我们携手共创美好明天。",0
"团结就是力量。",0
"这部动画片的画风很可爱。",0
"我们需要加强国际合作。",0
"你的到来让我们的团队更加完整。",0
"让我们为每一次进步喝彩。",0
"教学相长，共同进步。",0
"这部话剧的台词很经典。",0
"我们需要推动科技创新。",0
"你的付出我们永远铭记在心。",0
"让我们为实现梦想而努力。",0
"三人行，必有我师焉。",0
"这部电影的导演很有才华。",0
"我们需要建立一个和谐的社会。",0
"你的信任是我前进的动力。",0
"让我们为每一次的相遇感恩。",0
"读万卷书，行万里路。",0
"这部电视剧的剧情很紧凑。",0
"我们需要保护生物多样性。",0
"你的成就是我们共同的骄傲。",0
"让我们为美好的生活而奋斗。",0
"温故而知新，可以为师矣。",0
"这部纪录片的拍摄手法很独特。",0
"我们需要促进经济发展。",0
"你的陪伴是我最长情的告白。",0
"让我们为每一个努力的人点赞。",0
"学无止境，勇攀高峰。",0
"这部音乐剧的舞美很震撼。",0
"我们需要维护世界和平。",0
"你的理解让我感到很温暖。",0
"让我们为逝去的青春干杯。",0
"己所不欲，勿施于人。",0
"这部电影的演员演技很在线。",0
"我们需要加强环保意识。",0
"你的微笑是我一天的好心情。",0
"让我们为每一次的成长喝彩。",0
"路漫漫其修远兮，吾将上下而求索。",0
"这部综艺节目的笑点很密集。",0
"我们需要推动教育公平。",0
"你的鼓励是我最大的动力。",0
"让我们为每一个善良的人祈福。",0
"天下无难事，只怕有心人。",0
"这部电影的剪辑很有节奏感。",0
"我们需要关注心理健康问题。",0
"你的支持是我最坚实的后盾。",0
"让我们为每一次的相聚干杯。",0
"书山有路勤为径，学海无涯苦作舟。",0
"这部电视剧的服化道很用心。",0
"我们需要推动社会进步。",0
"你的肯定是 我最大的荣幸。",0
"让我们为每一个梦想加油。",0
"千里之行，始于足下。",0
"这部电影的色彩运用很大胆。",0
"我们需要加强网络安全。",0
"你的陪伴是我最温暖的港湾。",0
"让我们为每一次的突破喝彩。",0
"不积跬步，无以至千里。",0
"这部纪录片的配音很专业。",0
"我们需要促进文化交流。",0
"你的信任是我最大的财富。",0
"让我们为每一次的感动流泪。",0
"吃一堑，长一智。",0
"这部电影的原声带很好听。",0
"我们需要加强法制建设。",0
"你的微笑是我最美的风景。",0
"让我们为每一次的相逢干杯。",0
"滴水穿石，非一日之功。",0
"这部电视剧的选角很成功。",0
"我们需要推动科技进步。",0
"你的肯定是 我最大的动力。",0
"让我们为每一个梦想喝彩。",0
"绳锯木断，水滴石穿。",0
"这部电影的叙事结构很巧妙。",0
"我们需要加强基础设施建设。",0
"你的陪伴是我最美的时光。",0
"让我们为每一次的重逢拥抱。",0
"冰冻三尺，非一日之寒。",0
"这部纪录片的视角很独特。",0
"我们需要促进区域协调发展。",0
"你的信任是我最珍贵的礼物。",0
"让我们为每一次的离别祝福。",0
"锲而不舍，金石可镂。",0
"这部电影的画面很唯美。",0
"我们需要加强生态文明建设。",0
"你的微笑是我最暖的阳光。",0
"让我们为每一次的相知干杯。",0
"聚沙成塔，集腋成裘。",0
"这部电视剧的节奏很明快。",0
"我们需要推动乡村振兴。",0
"你的肯定是 我最大的幸福。",0
"让我们为每一个梦想奋斗。",0
"只要功夫深，铁杵磨成针。",0
"这部电影的台词很有深度。",0
"我们需要加强城市规划。",0
"你的陪伴是我最安心的依靠。",0
"让我们为每一次的邂逅心动。",0
"世上无难事，只要肯登攀。",0
"这部纪录片的内容很详实。",0
"我们需要促进就业创业。",0
"你的信任是我最坚强的后盾。",0
"让我们为每一次的相爱祝福。",0
"有志者，事竟成。",0
"这部电影的特效很逼真。",0
"我们需要加强社会保障。",0
"你的微笑是我最美的回忆。",0
"让我们为每一次的相守干杯。",0
"精诚所至，金石为开。",0
"你这种人就是社会的蛀虫，一点贡献都没有。",1
"别在这里秀你的下限了，看着就烦。",
"我说的有错吗？你是不是玩不起？",1
"就你这水平，也配在这里指点江山？",1
"真是个小丑，说的每句话都让人想笑。",1
"劝你好好反省一下自己，别再出来恶心人了。",1
"你的存在就是个错误，赶紧消失吧。",1
"我真怀疑你的脑子是不是被门夹了。",1
"别以为你那点小聪明能骗过所有人。",1
"你这种人活着就是浪费粮食。",1
"赶紧滚，别在这里污染空气。",1
"你的观点简直是漏洞百出，毫无逻辑。",1
"长得丑不是你的错，但出来吓人就是你的不对了。",1
"有时间在这里抬杠，不如去看看脑科。",1
"你是我见过最虚伪的人，没有之一。",1
"别再发你那些自以为是的言论了，没人想看。",1
"像你这种垃圾，就应该被扔进回收站。",1
"你说话的语气真是令人作呕。",1
"别在这里装无辜了，你的那点心思谁看不出来？",1
"你这种人根本不配得到尊重。",1
"你就是个彻头彻尾的失败者，什么都做不好。",1
"长得那么丑还好意思出门，真是污染环境。",1
"别在这里丢人现眼了，赶紧滚吧。",1
"我从来没见过像你这么蠢的人。",1
"这种垃圾作品也好意思拿出来分享？笑死人了。",1
"闭上你的臭嘴，没人想听你说话。",1
"你的智商是不是被狗吃了？",1
"再让我看到你，见一次打一次。",1
"你全家都有问题吧？才会教出你这样的废物。",1
"赶紧从网上消失，你这个网络寄生虫。",1
"你是不是有被迫害妄想症？",1
"别在这里卖惨了，没人会同情你。",1
"你这种人就是典型的双标狗。",1
"你说的这些话，你自己信吗？",1
"别再给自己加戏了，你以为你是谁？",1
"你这种人就是欠骂。",1
"赶紧去治治你的公主病吧，晚期了。",1
"你这种人就是活在自己的世界里。",1
"别在这里道德绑架了，你没那个资格。",1
"你这种人就是站着说话不腰疼。",1
"你是不是觉得自己很幽默？其实就是个小丑。",1
"别在这里指手画脚了，你算老几？",1
"你这种人就是吃饱了撑的。",1
"你是不是对自己的定位有什么误解？",1
"别在这里妖言惑众了，没人会信你。",1
"你这种人就是典型的键盘侠。",1
"你是不是觉得全世界都得围着你转？",1
"别在这里装腔作势了，看着就恶心。",1
"你这种人就是不知好歹。",1
"你是不是觉得自己很了不起？其实什么都不是。",1
"别在这里上蹿下跳了，像个猴子一样。",1
"你这种人就是活该被人骂。",1
"你是不是觉得自己很有道理？其实就是强词夺理。",1
"别在这里颠倒黑白了，事实胜于雄辩。",1
"你这种人就是自以为是。",1
"你是不是觉得自己很聪明？其实就是自作聪明。",1
"别在这里混淆视听了，群众的眼睛是雪亮的。",1
"你这种人就是小人得志。",1
"你是不是觉得自己很无辜？其实就是罪有应得。",1
"别在这里挑拨离间了，没人会上你的当。",1
"你这种人就是井底之蛙。",1
"你是不是觉得自己很委屈？其实就是自作自受。",1
"别在这里搬弄是非了，没人会听你胡说八道。",1
"你这种人就是跳梁小丑。",1
"你是不是觉得自己很高尚？其实就是伪君子。",1
"别在这里装神弄鬼了，没人会怕你。",1
"你这种人就是害群之马。",1
"你是不是觉得自己很有文采？其实就是狗屁不通。",1
"别在这里故弄玄虚了，没人会吃你这一套。",1
"你这种人就是败类。",1
"你是不是觉得自己很有趣？其实就是无聊透顶。",1
"别在这里自吹自擂了，没人会相信你。",1
"你这种人就是人渣。",1
"你是不是觉得自己很有魅力？其实就是自恋狂。",1
"别在这里自欺欺人了，没人会同情你。",1
"你这种人就是社会的毒瘤。",1
"你是不是觉得自己很有才华？其实就是一文不值。",1
"别在这里自娱自乐了，没人会欣赏你。",1
"你这种人就是国家的耻辱。",1
"你是不是觉得自己很有品味？其实就是俗不可耐。",1
"别在这里自我感觉良好了，没人会在意你。",1
"你这种人就是人类的悲哀。",1
"你是不是觉得自己很有思想？其实就是一派胡言。",1
"别在这里自导自演了，没人会看你的表演。",1
"你这种人就是世界的垃圾。",1
"你是不是觉得自己很有个性？其实就是哗众取宠。",1
"别在这里自我陶醉了，没人会为你鼓掌。",1
"你这种人就是历史的罪人。",1
"你是不是觉得自己很有正义感？其实就是多管闲事。",1
"别在这里自以为非了，没人会认同你。",1
"你这种人就是宇宙的尘埃。",1
"你是不是觉得自己很有存在感？其实就是可有可无。",1
"别在这里自我安慰了，没人会安慰你。",1
"你这种人就是时代的眼泪。",1
"你是不是觉得自己很有影响力？其实就是微不足道。",1
"别在这里自作多情了，没人会喜欢你。",1
"你这种人就是青春的伤痛。",1
"你是不是觉得自己很有价值？其实就是一钱不值。",1
"别在这里自暴自弃了，没人会可怜你。",1
"你这种人就是爱情的坟墓。",1
"你是不是觉得自己很有故事？其实就是一地鸡毛。",1
"别在这里自怨自艾了，没人会心疼你。",1
"你这种人就是婚姻的杀手。",1
"你是不是觉得自己很有希望？其实就是一片渺茫。",1
"别在这里自生自灭了，没人会拯救你。",1
"你这种人就是家庭的悲剧。",1
"你是不是觉得自己很有未来？其实就是一片黑暗。",1
"别在这里自取其辱了，没人会同情你。",1
"你这种人就是事业的绊脚石。",1
"你是不是觉得自己很有前途？其实就是一片迷茫。",1
"别在这里自掘坟墓了，没人会为你收尸。",1
"你这种人就是友谊的毒药。",1
"你是不是觉得自己很有成就感？其实就是一事无成。",1
"别在这里自投罗网了，没人会救你。",1
"你这种人就是梦想的破碎机。",1
"你是不是觉得自己很有安全感？其实就是岌岌可危。",1
"别在这里自寻死路了，没人会为你掉眼泪。",1
"你这种人就是人生的绊脚石。",1
"你是不是觉得自己很有幸福感？其实就是一场空欢喜。",1
"别在这里自欺欺人了，你骗得了别人，骗不了自己。",1
"你这种人就是典型的杠精，不抬杠活不下去。",1
"你是不是觉得自己的观点很独特？其实就是奇葩。",1
"别在这里秀智商了，你的余额已不足。",1
"你这种人就是活在自己的臆想里，可悲。",1
"你是不是觉得所有人都应该理解你？你以为你是谁？",1
"别在这里装受害者了，你那点演技太拙劣。",1
"你这种人就是典型的白莲花，看着就恶心。",1
"你是不是觉得自己的言论很高明？其实就是哗众取宠。",1
"别在这里指点江山了，你连自己都管不好。",1
"你这种人就是典型的精致利己主义者。",1
"你是不是觉得自己的逻辑很严谨？其实就是一塌糊涂。",1
"别在这里装大尾巴狼了，你那点伎俩早就被看穿了。",1
"你这种人就是典型的马后炮，事情过了才来指手画脚。",1
"你是不是觉得自己很有见地？其实就是鼠目寸光。",1
"别在这里扮演人生导师了，你连自己的人生都过得一团糟。",1
"你这种人就是典型的窝里横，在外面就是个怂包。",1
"你是不是觉得自己很有文采？其实就是辞不达意。",1
"别在这里卖弄你的那点学问了，贻笑大方。",1
"你这种人就是典型的墙头草，风吹两边倒。",1
"你是不是觉得自己很有人缘？其实就是孤家寡人。",1
"别在这里炫耀你的那点成就了，不值一提。",1
"你这种人就是典型的势利眼，谁有钱就巴结谁。",1
"你是不是觉得自己很善良？其实就是伪善。",1
"别在这里假惺惺地关心别人了，你那点心思谁不知道？",1
"你这种人就是典型的玻璃心，说不得碰不得。",1
"你是不是觉得自己很坚强？其实就是不堪一击。",1
"别在这里强颜欢笑了，你的眼泪都快掉下来了。",1
"你这种人就是典型的拖延症，不到最后一天不动手。",1
"你是不是觉得自己很有效率？其实就是敷衍了事。",1
"别在这里夸夸其谈了，你的行动力在哪里？",1
"你这种人就是典型的选择困难症，什么都决定不了。",1
"你是不是觉得自己很果断？其实就是鲁莽行事。",1
"别在这里犹豫不决了，机会都错过了。",1
"你这种人就是典型的完美主义者，什么都要做到最好。",1
"你是不是觉得自己很严谨？其实就是吹毛求疵。",1
"别在这里斤斤计较了，累不累啊？",1
"你这种人就是典型的悲观主义者，什么都往坏处想。",1
"你是不是觉得自己很现实？其实就是缺乏想象力。",1
"别在这里杞人忧天了，天塌下来有个子高的人顶着。",1
"你这种人就是典型的乐观主义者，什么都往好处想。",1
"你是不是觉得自己很天真？其实就是幼稚可笑。",1
"别在这里异想天开了，现实是残酷的。",1
"你这种人就是典型的理想主义者，什么都想得太美好。",1
"你是不是觉得自己很高尚？其实就是不切实际。",1
"别在这里纸上谈兵了，实践是检验真理的唯一标准。",1
"你这种人就是典型的现实主义者，什么都看得很透彻。",1
"你是不是觉得自己很成熟？其实就是世故圆滑。",1
"别在这里故作高深了，你的那点伎俩早就被看穿了。",1
"你这种人就是典型的利己主义者，什么都为自己着想。",1
"你是不是觉得自己很无私？其实就是有所图谋。",1
"别在这里假仁假义了，你的那点心思谁不知道？",1
"你这种人就是典型的个人主义者，什么都以自我为中心。",1
"你是不是觉得自己很独立？其实就是孤僻不合群。",1
"别在这里特立独行了，你不是世界的中心。",1
"你这种人就是典型的集体主义者，什么都以集体为重。",1
"你是不是觉得自己很伟大？其实就是失去了自我。",1
"别在这里大公无私了，你连自己都照顾不好。",1
"你这种人就是典型的英雄主义者，什么都想当英雄。",1
"你是不是觉得自己很勇敢？其实就是有勇无谋。",1
"别在这里逞英雄了，你不是救世主。",1
"你这种人就是典型的浪漫主义者，什么都想得很浪漫。",1
"你是不是觉得自己很懂浪漫？其实就是不切实际。",1
"别在这里风花雪月了，生活是柴米油盐。",1
"你这种人就是典型的实用主义者，什么都讲究实用。",1
"你是不是觉得自己很务实？其实就是缺乏情趣。",1
"别在这里斤斤计较了，生活不止眼前的苟且。",1
"你这种人就是典型的享乐主义者，什么都追求享乐。",1
"你是不是觉得自己很会生活？其实就是醉生梦死。",1
"别在这里贪图享乐了，人生还有诗和远方。",1
"你这种人就是典型的禁欲主义者，什么都克制自己。",1
"你是不是觉得自己很自律？其实就是压抑人性。",1
"别在这里苦行僧了，人生苦短，及时行乐。",1
"你这种人就是典型的宿命论者，什么都相信命运。",1
"你是不是觉得自己很超脱？其实就是消极避世。",1
"别在这里听天由命了，我命由我不由天。",1
